TrainingID,ProgramName,Trainer,Participants,Date
1,Training Program 1,Michael Olson,50,2024-12-15
2,Training Program 2,Michael Peters,22,2024-12-15
3,Training Program 3,Alan Wilson,22,2024-12-15
4,Training Program 4,Wayne Williams,23,2024-12-15
5,Training Program 5,Dan Smith,20,2024-12-15
6,Training Program 6,Raymond Brooks,14,2024-12-15
7,Training Program 7,Kelly Adams,50,2024-12-15
8,Training Program 8,Dr. Rita Underwood,21,2024-12-15
9,Training Program 9,Robert Avery,11,2024-12-15
10,Training Program 10,Michelle Johnson,49,2024-12-15
11,Training Program 11,Joshua Carpenter,48,2024-12-15
12,Training Program 12,Brandon Kemp,30,2024-12-15
13,Training Program 13,Leah Zimmerman,13,2024-12-15
14,Training Program 14,James Watson,36,2024-12-15
15,Training Program 15,Elizabeth Cruz,34,2024-12-15
16,Training Program 16,Angela Sanchez,27,2024-12-15
17,Training Program 17,Jared Burton,20,2024-12-15
18,Training Program 18,Heather Kemp,43,2024-12-15
19,Training Program 19,Jason Wilson,29,2024-12-15
20,Training Program 20,Carolyn Smith,38,2024-12-15
21,Training Program 21,Gerald Norton,22,2024-12-15
22,Training Program 22,Edward Fox,8,2024-12-15
23,Training Program 23,Brooke Barker,36,2024-12-15
24,Training Program 24,Christian Harper,41,2024-12-15
25,Training Program 25,James Stone,28,2024-12-15
26,Training Program 26,Sean Sharp,10,2024-12-15
27,Training Program 27,Stephen Graham,20,2024-12-15
28,Training Program 28,Sean Rogers,8,2024-12-15
29,Training Program 29,James Davies,41,2024-12-15
30,Training Program 30,Andrew Walker,50,2024-12-15
31,Training Program 31,Mark Munoz,48,2024-12-15
32,Training Program 32,Zachary Davis,44,2024-12-15
33,Training Program 33,Erica Johnson,35,2024-12-15
34,Training Program 34,Ryan Fry,46,2024-12-15
35,Training Program 35,Kevin Floyd,32,2024-12-15
36,Training Program 36,Jason Davis,30,2024-12-15
37,Training Program 37,Erica Baker,40,2024-12-15
38,Training Program 38,Brooke Mcdaniel,23,2024-12-15
39,Training Program 39,Noah Cortez,42,2024-12-15
40,Training Program 40,Alicia Williams,44,2024-12-15
41,Training Program 41,Jessica Smith,33,2024-12-15
42,Training Program 42,Lori Rodriguez,37,2024-12-15
43,Training Program 43,Vicki Lester,25,2024-12-15
44,Training Program 44,David Atkinson,17,2024-12-15
45,Training Program 45,Tyler Jackson,24,2024-12-15
46,Training Program 46,Timothy Mcgee,5,2024-12-15
47,Training Program 47,Mr. Jeffrey Gordon PhD,42,2024-12-15
48,Training Program 48,Mr. Angel Miles,7,2024-12-15
49,Training Program 49,Ernest Meadows,32,2024-12-15
50,Training Program 50,Penny Nelson,38,2024-12-15
51,Training Program 51,Michelle Carlson,16,2024-12-15
52,Training Program 52,Arthur Ferguson,32,2024-12-15
53,Training Program 53,Nathan Jackson,24,2024-12-15
54,Training Program 54,Isaac Miranda V,16,2024-12-15
55,Training Program 55,Laura Perez,46,2024-12-15
56,Training Program 56,Leslie Martin,20,2024-12-15
57,Training Program 57,Alicia Clarke,34,2024-12-15
58,Training Program 58,Gary Singh,41,2024-12-15
59,Training Program 59,Andrew Edwards,6,2024-12-15
60,Training Program 60,Heather Benitez,21,2024-12-15
61,Training Program 61,Rachel Green,48,2024-12-15
62,Training Program 62,Albert Mitchell,43,2024-12-15
63,Training Program 63,Gregory Doyle MD,19,2024-12-15
64,Training Program 64,Crystal Chang,12,2024-12-15
65,Training Program 65,April Willis,46,2024-12-15
66,Training Program 66,Timothy Boyer,18,2024-12-15
67,Training Program 67,Eric Nielsen,6,2024-12-15
68,Training Program 68,John Moss,23,2024-12-15
69,Training Program 69,William Ware,50,2024-12-15
70,Training Program 70,Nicole Thomas,33,2024-12-15
71,Training Program 71,Robert Jones,44,2024-12-15
72,Training Program 72,Ellen Hall,9,2024-12-15
73,Training Program 73,Brianna Lopez,39,2024-12-15
74,Training Program 74,Terry Hughes,44,2024-12-15
75,Training Program 75,Christina Scott,13,2024-12-15
76,Training Program 76,Sandra Johnson,20,2024-12-15
77,Training Program 77,Debra Oliver,46,2024-12-15
78,Training Program 78,Holly Morrison,25,2024-12-15
79,Training Program 79,Mr. Donald Potts,43,2024-12-15
80,Training Program 80,Michael Hinton,14,2024-12-15
81,Training Program 81,Jasmine Morgan,37,2024-12-15
82,Training Program 82,Teresa Harvey,43,2024-12-15
83,Training Program 83,Travis Shaw,44,2024-12-15
84,Training Program 84,Thomas Smith,30,2024-12-15
85,Training Program 85,Matthew Lloyd,23,2024-12-15
86,Training Program 86,Nichole Taylor,32,2024-12-15
87,Training Program 87,Jason Lawrence,21,2024-12-15
88,Training Program 88,Angela Hawkins,27,2024-12-15
89,Training Program 89,Kathleen Johnson,23,2024-12-15
90,Training Program 90,Shane Shea,37,2024-12-15
91,Training Program 91,Joseph Frank,48,2024-12-15
92,Training Program 92,Daryl Wheeler,8,2024-12-15
93,Training Program 93,Chelsea Townsend,31,2024-12-15
94,Training Program 94,Lee Davis,28,2024-12-15
95,Training Program 95,Nicolas Garcia,19,2024-12-15
96,Training Program 96,Timothy Brady,31,2024-12-15
97,Training Program 97,Phillip Boyd,31,2024-12-15
98,Training Program 98,Richard Steele,6,2024-12-15
99,Training Program 99,Joshua Greene,24,2024-12-15
100,Training Program 100,Felicia Mitchell,24,2024-12-15
