ProjectID,ProjectName,AssignedTo,Deadline,Status
1,Project 1,101,2025-05-16,Completed
2,Project 2,121,2025-06-20,On Hold
3,Project 3,124,2025-02-14,Not Started
4,Project 4,105,2025-02-28,Completed
5,Project 5,130,2025-09-09,On Hold
6,Project 6,121,2025-01-02,In Progress
7,Project 7,131,2025-11-16,Not Started
8,Project 8,103,2025-04-20,Completed
9,Project 9,105,2025-01-01,Not Started
10,Project 10,121,2025-10-15,Completed
11,Project 11,116,2025-05-01,In Progress
12,Project 12,147,2025-05-06,On Hold
13,Project 13,113,2025-11-27,Not Started
14,Project 14,103,2025-06-28,On Hold
15,Project 15,111,2025-08-04,On Hold
16,Project 16,123,2025-11-27,Completed
17,Project 17,130,2025-08-21,On Hold
18,Project 18,120,2025-10-23,Not Started
19,Project 19,112,2025-10-31,In Progress
20,Project 20,142,2025-09-01,Not Started
21,Project 21,140,2025-11-27,In Progress
22,Project 22,147,2025-05-27,In Progress
23,Project 23,128,2025-08-01,Completed
24,Project 24,141,2025-10-14,In Progress
25,Project 25,148,2025-12-11,In Progress
26,Project 26,129,2025-03-21,In Progress
27,Project 27,129,2025-03-02,Completed
28,Project 28,131,2025-09-05,On Hold
29,Project 29,139,2025-01-16,Completed
30,Project 30,120,2025-08-29,Completed
31,Project 31,112,2025-07-15,On Hold
32,Project 32,105,2025-03-01,Not Started
33,Project 33,101,2025-08-08,In Progress
34,Project 34,125,2025-03-19,On Hold
35,Project 35,116,2025-09-01,Completed
36,Project 36,103,2025-01-31,In Progress
37,Project 37,127,2025-03-25,On Hold
38,Project 38,129,2025-04-03,In Progress
39,Project 39,116,2025-06-04,On Hold
40,Project 40,124,2025-07-06,In Progress
41,Project 41,108,2025-04-01,On Hold
42,Project 42,104,2025-04-15,Completed
43,Project 43,103,2025-03-15,Not Started
44,Project 44,104,2025-04-01,In Progress
45,Project 45,113,2025-05-27,Not Started
46,Project 46,103,2025-06-29,On Hold
47,Project 47,120,2025-09-20,On Hold
48,Project 48,115,2025-03-25,On Hold
49,Project 49,125,2025-09-19,On Hold
50,Project 50,101,2025-12-14,Completed
51,Project 51,136,2025-07-21,Completed
52,Project 52,134,2025-06-09,In Progress
53,Project 53,107,2025-03-30,Not Started
54,Project 54,146,2025-08-05,On Hold
55,Project 55,149,2025-06-12,On Hold
56,Project 56,148,2025-10-02,Completed
57,Project 57,131,2025-03-07,On Hold
58,Project 58,122,2025-10-27,In Progress
59,Project 59,126,2025-05-27,Completed
60,Project 60,125,2025-12-09,On Hold
61,Project 61,111,2025-01-09,Not Started
62,Project 62,130,2025-04-13,Not Started
63,Project 63,122,2025-04-15,Not Started
64,Project 64,133,2025-01-04,Not Started
65,Project 65,111,2025-04-04,Not Started
66,Project 66,115,2025-03-04,Completed
67,Project 67,124,2025-06-27,Completed
68,Project 68,111,2025-11-01,In Progress
69,Project 69,106,2025-07-25,In Progress
70,Project 70,104,2025-01-31,On Hold
71,Project 71,130,2025-04-30,In Progress
72,Project 72,141,2025-10-27,On Hold
73,Project 73,146,2025-05-03,Completed
74,Project 74,130,2025-03-20,Completed
75,Project 75,128,2025-06-02,Completed
76,Project 76,146,2025-04-11,Completed
77,Project 77,103,2025-04-11,Completed
78,Project 78,147,2025-09-04,On Hold
79,Project 79,138,2025-06-03,Not Started
80,Project 80,110,2025-10-09,Completed
81,Project 81,123,2025-03-07,Completed
82,Project 82,140,2025-06-10,On Hold
83,Project 83,116,2025-01-28,On Hold
84,Project 84,119,2025-09-26,On Hold
85,Project 85,129,2025-07-26,Not Started
86,Project 86,103,2025-11-17,On Hold
87,Project 87,117,2025-09-17,Completed
88,Project 88,143,2025-10-16,Not Started
89,Project 89,115,2025-05-27,Completed
90,Project 90,125,2025-04-04,In Progress
91,Project 91,150,2025-09-30,In Progress
92,Project 92,112,2025-01-16,On Hold
93,Project 93,117,2025-01-18,Completed
94,Project 94,104,2025-10-18,On Hold
95,Project 95,148,2025-06-16,On Hold
96,Project 96,123,2025-01-29,In Progress
97,Project 97,144,2025-05-31,Completed
98,Project 98,124,2025-06-15,In Progress
99,Project 99,126,2025-07-03,Not Started
100,Project 100,121,2025-06-23,In Progress
